employee_id,name,gender,age,department,job_role,job_level,performance_rating,job_satisfaction,job_involvement,environment_satisfaction,monthly_income,percent_salary_hike,stock_option_level,years_at_company,years_in_current_role,total_working_years,distance_from_home,business_travel,over_time
EMP_COMP_GOOD_01214_00001,Ashley Hernandez,Male,43,Support,Research Scientist,5,3,1,4,4,9545,18,1,13,5,13,22,Travel_Rarely,No
EMP_COMP_GOOD_01214_00002,James Perez,Female,51,Engineering,Marketing Manager,1,2,3,3,2,8130,21,1,10,5,17,9,Travel_Rarely,Yes
EMP_COMP_GOOD_01214_00003,Donna Perez,Female,34,Legal,Software Engineer,2,4,4,3,3,15223,21,0,7,3,11,17,Travel_Frequently,Yes
EMP_COMP_GOOD_01214_00004,Sarah Sanchez,Male,36,Research and Development,Financial Analyst,2,1,2,4,3,15387,21,1,7,7,9,16,Non-Travel,No
EMP_COMP_GOOD_01214_00005,Michael Thompson,Female,39,Sales,Business Analyst,5,4,3,2,2,14666,13,2,2,2,3,13,Travel_Frequently,No
EMP_COMP_GOOD_01214_00006,Jennifer Taylor,Female,22,Sales,IT Administrator,1,1,3,2,2,15201,20,3,15,1,25,12,Travel_Rarely,No
EMP_COMP_GOOD_01214_00007,Michelle Thompson,Male,54,Human Resources,HR Manager,3,2,1,2,4,5764,16,3,4,1,9,26,Travel_Rarely,Yes
EMP_COMP_GOOD_01214_00008,Steven Johnson,Male,45,Engineering,Software Engineer,3,1,4,3,4,8205,15,0,10,6,18,17,Non-Travel,Yes
EMP_COMP_GOOD_01214_00009,Kevin Taylor,Male,26,Research and Development,IT Administrator,1,1,3,2,1,3653,25,2,7,7,14,4,Travel_Frequently,No
EMP_COMP_GOOD_01214_00010,Paul Perez,Male,40,Marketing,Accountant,5,3,4,3,3,7652,24,0,7,7,7,4,Non-Travel,Yes
EMP_COMP_GOOD_01214_00011,Barbara Thomas,Male,53,Sales,IT Administrator,4,4,3,2,3,12966,15,0,14,5,14,13,Travel_Rarely,No
EMP_COMP_GOOD_01214_00012,Elizabeth Hernandez,Male,36,Research and Development,Sales Representative,3,1,1,4,1,11753,12,0,10,6,16,17,Travel_Frequently,No
EMP_COMP_GOOD_01214_00013,Donald Ramirez,Female,34,Operations,Business Analyst,1,4,2,2,4,16365,22,2,14,1,20,20,Travel_Rarely,No
EMP_COMP_GOOD_01214_00014,Matthew Smith,Male,57,Support,Business Analyst,1,4,4,4,3,6639,12,2,3,3,9,19,Travel_Frequently,Yes
EMP_COMP_GOOD_01214_00015,Jennifer Ramirez,Male,49,Research and Development,Operations Manager,1,2,4,3,3,3933,16,0,3,3,5,16,Non-Travel,Yes
EMP_COMP_GOOD_01214_00016,Carol Miller,Female,41,Legal,Operations Manager,4,4,1,2,2,4783,22,3,15,8,17,12,Non-Travel,No
EMP_COMP_GOOD_01214_00017,William Rodriguez,Female,28,Marketing,Financial Analyst,4,1,1,1,4,8554,24,3,6,3,10,29,Non-Travel,No
EMP_COMP_GOOD_01214_00018,Daniel Martinez,Female,55,Finance,Accountant,4,1,3,1,1,11502,15,2,8,8,14,15,Travel_Rarely,Yes
EMP_COMP_GOOD_01214_00019,Elizabeth Robinson,Male,48,Legal,Research Scientist,5,2,4,4,3,10498,24,1,8,8,16,8,Non-Travel,No
EMP_COMP_GOOD_01214_00020,Steven Davis,Female,31,Marketing,Financial Analyst,5,2,2,1,4,6291,15,3,11,6,14,25,Travel_Rarely,Yes
EMP_COMP_GOOD_01214_00021,Margaret Sanchez,Male,56,Sales,Business Analyst,2,2,2,4,1,8695,24,2,2,2,4,16,Non-Travel,Yes
EMP_COMP_GOOD_01214_00022,Patricia Jackson,Male,32,IT,Research Scientist,3,4,3,4,1,15033,14,2,1,1,6,1,Non-Travel,Yes
EMP_COMP_GOOD_01214_00023,Mary Lewis,Male,39,Research and Development,Support Specialist,5,1,1,4,4,6432,18,1,8,7,17,8,Travel_Frequently,No
EMP_COMP_GOOD_01214_00024,Michelle Sanchez,Female,25,Operations,Product Manager,2,4,3,2,4,10002,14,0,8,4,9,15,Travel_Rarely,No
EMP_COMP_GOOD_01214_00025,Sarah Clark,Male,56,IT,IT Administrator,3,4,2,3,4,7461,20,1,9,7,14,7,Travel_Frequently,Yes
EMP_COMP_GOOD_01214_00026,Margaret Martin,Female,24,Finance,Software Engineer,1,3,1,1,1,8387,16,0,9,7,14,17,Non-Travel,No
EMP_COMP_GOOD_01214_00027,Sandra Martinez,Male,30,Sales,Legal Counsel,4,3,3,1,4,7857,19,3,2,2,12,21,Travel_Frequently,No
EMP_COMP_GOOD_01214_00028,Lisa Martin,Male,24,Legal,Data Scientist,5,1,4,1,4,8890,12,0,7,2,7,23,Non-Travel,No
EMP_COMP_GOOD_01214_00029,Patricia Martinez,Male,33,Legal,IT Administrator,2,4,3,1,3,7148,18,2,7,7,12,13,Non-Travel,Yes
EMP_COMP_GOOD_01214_00030,Barbara Garcia,Male,31,Research and Development,Sales Representative,5,3,3,3,1,6822,14,0,14,6,19,3,Non-Travel,Yes
EMP_COMP_GOOD_01214_00031,Jennifer Gonzalez,Male,27,Engineering,Marketing Manager,2,1,4,2,4,10352,13,2,0,0,3,16,Travel_Frequently,Yes
EMP_COMP_GOOD_01214_00032,Matthew Jones,Female,40,Research and Development,Sales Representative,2,3,1,2,1,12665,21,1,5,5,5,9,Non-Travel,Yes
EMP_COMP_GOOD_01214_00033,Emily Gonzalez,Male,53,Engineering,Research Scientist,4,2,2,1,2,11068,23,0,6,0,14,3,Travel_Rarely,Yes
EMP_COMP_GOOD_01214_00034,Mary Moore,Female,57,Finance,Accountant,2,4,1,2,1,16220,25,2,10,0,15,5,Travel_Rarely,No
EMP_COMP_GOOD_01214_00035,Amanda Jackson,Male,49,Human Resources,Data Scientist,2,3,1,3,2,4222,15,3,7,7,13,28,Travel_Rarely,Yes
EMP_COMP_GOOD_01214_00036,Kimberly Gonzalez,Female,35,Legal,Business Analyst,4,2,4,3,1,5168,23,1,1,1,1,6,Travel_Frequently,Yes
EMP_COMP_GOOD_01214_00037,Daniel Jones,Female,55,Research and Development,Legal Counsel,5,2,4,1,1,10526,17,0,9,9,18,8,Travel_Rarely,No
EMP_COMP_GOOD_01214_00038,William Wilson,Female,32,Research and Development,Research Scientist,1,3,2,1,2,7817,11,2,2,0,9,23,Travel_Rarely,Yes
EMP_COMP_GOOD_01214_00039,Margaret Rodriguez,Male,34,Marketing,Data Scientist,3,1,2,1,3,4772,18,1,11,3,15,29,Travel_Rarely,No
EMP_COMP_GOOD_01214_00040,Mary Jackson,Female,38,Legal,Product Manager,5,1,2,4,2,10480,16,0,0,0,4,12,Travel_Frequently,No
EMP_COMP_GOOD_01214_00041,Sandra Gonzalez,Male,35,Legal,Data Scientist,1,1,2,2,4,4596,12,3,14,1,21,8,Travel_Frequently,No
EMP_COMP_GOOD_01214_00042,Betty White,Male,45,Marketing,Financial Analyst,3,2,2,2,1,10715,23,0,9,0,16,6,Travel_Frequently,Yes
EMP_COMP_GOOD_01214_00043,Emily Brown,Female,53,Operations,Financial Analyst,5,1,4,2,4,6547,21,0,12,4,14,10,Travel_Frequently,No
EMP_COMP_GOOD_01214_00044,Jessica Johnson,Male,58,Research and Development,Marketing Manager,1,2,4,1,2,8632,15,1,6,3,7,21,Travel_Rarely,No
EMP_COMP_GOOD_01214_00045,Donna Wilson,Male,46,Operations,Software Engineer,2,3,1,4,1,8307,23,1,6,1,9,10,Non-Travel,No
EMP_COMP_GOOD_01214_00046,Patricia Sanchez,Female,37,Legal,Support Specialist,2,2,1,3,2,4590,16,0,4,4,5,1,Non-Travel,No
EMP_COMP_GOOD_01214_00047,Dorothy Robinson,Female,48,Support,Financial Analyst,5,3,2,3,4,11033,14,2,3,3,4,29,Travel_Frequently,No
EMP_COMP_GOOD_01214_00048,Elizabeth Martinez,Male,34,Research and Development,Sales Representative,2,3,2,4,4,4797,14,0,12,7,16,21,Travel_Rarely,No
EMP_COMP_GOOD_01214_00049,Dorothy Johnson,Female,49,Research and Development,Operations Manager,1,2,4,1,1,8563,19,2,0,0,5,18,Non-Travel,No
EMP_COMP_GOOD_01214_00050,Donald Smith,Female,26,IT,Sales Representative,1,3,3,4,1,11093,14,0,1,1,5,13,Non-Travel,Yes
EMP_COMP_GOOD_01214_00051,Robert Lee,Female,53,Engineering,Product Manager,4,1,2,2,2,7608,15,2,4,4,8,21,Travel_Frequently,Yes
EMP_COMP_GOOD_01214_00052,Barbara Ramirez,Female,29,Human Resources,Support Specialist,5,4,3,2,1,9198,20,3,11,8,18,14,Travel_Rarely,No
EMP_COMP_GOOD_01214_00053,Ashley Jackson,Male,54,Sales,IT Administrator,5,1,1,3,4,8685,13,1,8,5,14,7,Travel_Frequently,No
EMP_COMP_GOOD_01214_00054,Daniel Lee,Male,39,Engineering,Legal Counsel,2,2,3,2,3,7351,18,2,7,6,12,27,Travel_Frequently,Yes
EMP_COMP_GOOD_01214_00055,James Taylor,Male,53,Human Resources,Support Specialist,1,3,1,1,3,9737,25,3,4,4,9,26,Travel_Rarely,Yes
EMP_COMP_GOOD_01214_00056,Sandra Thompson,Female,22,Marketing,HR Manager,4,3,2,1,1,5486,25,1,3,3,12,18,Non-Travel,Yes
EMP_COMP_GOOD_01214_00057,Robert Clark,Female,51,Engineering,Support Specialist,4,1,3,2,3,9883,18,0,6,6,14,16,Non-Travel,Yes
EMP_COMP_GOOD_01214_00058,William Clark,Male,46,IT,Data Scientist,2,1,3,1,2,12645,12,0,3,3,8,8,Non-Travel,Yes
EMP_COMP_GOOD_01214_00059,Emily Thompson,Male,30,Engineering,Operations Manager,4,3,1,4,1,13415,25,1,9,1,16,15,Travel_Frequently,No
EMP_COMP_GOOD_01214_00060,Amanda Thompson,Male,44,Finance,Operations Manager,1,3,4,4,4,6980,25,1,11,10,13,4,Non-Travel,Yes
EMP_COMP_GOOD_01214_00061,Anthony Perez,Male,52,Finance,Legal Counsel,5,4,4,3,1,8985,19,1,14,0,20,27,Travel_Frequently,No
EMP_COMP_GOOD_01214_00062,Kevin Smith,Male,43,Support,IT Administrator,2,4,4,2,4,8632,19,3,15,3,25,13,Travel_Frequently,Yes
EMP_COMP_GOOD_01214_00063,Andrew Smith,Male,50,Legal,Support Specialist,4,2,4,4,3,7914,23,0,5,4,5,2,Travel_Frequently,Yes
EMP_COMP_GOOD_01214_00064,Nancy Thomas,Female,55,Human Resources,Operations Manager,4,2,3,3,1,10531,15,2,13,6,18,5,Travel_Frequently,Yes
EMP_COMP_GOOD_01214_00065,Betty Clark,Male,43,Operations,Software Engineer,5,1,1,1,2,7698,22,1,3,3,12,25,Travel_Frequently,Yes
EMP_COMP_GOOD_01214_00066,Matthew Perez,Female,31,Support,Accountant,4,3,1,2,2,15850,18,2,2,2,12,2,Travel_Frequently,No
EMP_COMP_GOOD_01214_00067,Patricia Martin,Male,37,Sales,HR Manager,5,1,4,4,1,9206,20,0,11,7,16,25,Travel_Rarely,Yes
EMP_COMP_GOOD_01214_00068,Matthew Hernandez,Female,25,Operations,Business Analyst,4,1,3,1,3,5052,19,1,5,5,15,27,Travel_Frequently,No
EMP_COMP_GOOD_01214_00069,Michelle Lewis,Male,54,Research and Development,Accountant,2,1,4,4,2,6464,19,0,1,0,8,15,Non-Travel,Yes
EMP_COMP_GOOD_01214_00070,Susan Walker,Male,54,IT,Research Scientist,5,1,2,4,4,9705,13,2,10,8,19,28,Travel_Rarely,No
EMP_COMP_GOOD_01214_00071,Thomas Smith,Female,36,Operations,Product Manager,2,4,2,1,1,9813,14,1,0,0,0,5,Travel_Rarely,No
EMP_COMP_GOOD_01214_00072,Melissa Lee,Female,37,Legal,IT Administrator,3,1,4,3,4,5406,14,3,10,6,16,8,Travel_Frequently,Yes
EMP_COMP_GOOD_01214_00073,Michelle Smith,Female,25,Research and Development,Support Specialist,2,4,2,2,3,6736,20,3,11,3,19,26,Travel_Frequently,Yes
EMP_COMP_GOOD_01214_00074,Sarah Perez,Male,34,Sales,Sales Representative,2,2,4,2,2,3759,11,0,14,8,17,27,Travel_Rarely,Yes
EMP_COMP_GOOD_01214_00075,Margaret Smith,Female,54,IT,Legal Counsel,2,3,1,3,4,8482,23,3,3,3,12,5,Travel_Frequently,No
EMP_COMP_GOOD_01214_00076,Jennifer Jackson,Male,54,Finance,Support Specialist,3,3,4,1,1,10308,11,1,7,7,12,1,Travel_Frequently,No
EMP_COMP_GOOD_01214_00077,Kenneth White,Female,28,Legal,HR Manager,2,3,4,1,4,6539,14,0,1,1,10,4,Travel_Rarely,No
EMP_COMP_GOOD_01214_00078,Matthew Robinson,Male,33,Support,Data Scientist,1,4,4,4,2,6408,25,0,2,2,3,20,Travel_Frequently,No
EMP_COMP_GOOD_01214_00079,Amanda Taylor,Male,24,Engineering,Sales Representative,4,4,1,4,3,7403,24,1,9,3,15,28,Travel_Rarely,No
EMP_COMP_GOOD_01214_00080,James Rodriguez,Female,52,Legal,Product Manager,5,1,2,3,4,9480,18,0,9,6,16,22,Non-Travel,No
EMP_COMP_GOOD_01214_00081,George Johnson,Male,43,Support,Product Manager,1,4,2,1,4,7771,25,1,1,1,1,27,Non-Travel,Yes
EMP_COMP_GOOD_01214_00082,Michael Brown,Female,52,IT,Sales Representative,1,4,2,1,4,9298,20,3,9,0,9,14,Travel_Rarely,Yes
EMP_COMP_GOOD_01214_00083,Emily Gonzalez,Male,56,Marketing,Operations Manager,2,4,2,2,4,7427,13,1,3,3,6,17,Non-Travel,No
EMP_COMP_GOOD_01214_00084,Karen Taylor,Male,46,Legal,Support Specialist,3,2,3,3,3,15879,17,3,13,6,21,24,Travel_Rarely,No
EMP_COMP_GOOD_01214_00085,Donna Lewis,Female,25,Legal,Business Analyst,3,4,4,2,4,6754,23,2,2,2,6,23,Travel_Frequently,Yes
EMP_COMP_GOOD_01214_00086,Lisa Perez,Female,42,Legal,HR Manager,1,1,1,3,1,9189,16,0,13,7,21,29,Travel_Frequently,Yes
EMP_COMP_GOOD_01214_00087,Ashley Robinson,Female,28,Support,Legal Counsel,2,4,2,3,3,12232,12,2,2,2,2,3,Non-Travel,No
EMP_COMP_GOOD_01214_00088,Patricia Walker,Male,33,Operations,Marketing Manager,2,2,3,3,2,7298,11,1,1,1,6,1,Non-Travel,No
EMP_COMP_GOOD_01214_00089,Matthew Taylor,Female,47,Research and Development,Sales Representative,4,3,3,1,4,6940,23,3,9,5,11,29,Non-Travel,Yes
EMP_COMP_GOOD_01214_00090,Thomas Jones,Female,31,Support,HR Manager,1,1,2,2,1,7830,18,3,1,1,11,27,Non-Travel,Yes
EMP_COMP_GOOD_01214_00091,Anthony Thomas,Female,36,IT,Business Analyst,1,3,1,3,3,9480,13,1,11,3,13,6,Travel_Rarely,Yes
EMP_COMP_GOOD_01214_00092,Melissa Sanchez,Male,22,Human Resources,IT Administrator,5,3,2,2,4,14582,15,2,6,6,9,24,Non-Travel,Yes
EMP_COMP_GOOD_01214_00093,Donna Ramirez,Female,23,Sales,IT Administrator,5,3,3,3,2,13194,21,0,12,8,21,7,Travel_Rarely,Yes
EMP_COMP_GOOD_01214_00094,Paul Lewis,Male,38,Marketing,Business Analyst,5,1,2,3,1,5416,18,3,7,2,16,5,Travel_Frequently,Yes
EMP_COMP_GOOD_01214_00095,Amanda Johnson,Male,31,Legal,Research Scientist,3,3,4,2,4,6085,21,1,9,3,14,15,Non-Travel,Yes
EMP_COMP_GOOD_01214_00096,Christopher Brown,Female,38,Research and Development,Product Manager,2,4,1,2,4,13324,24,0,13,8,17,12,Travel_Rarely,No
EMP_COMP_GOOD_01214_00097,Joshua Hernandez,Male,52,Legal,Business Analyst,2,2,4,2,1,3757,25,3,8,8,12,1,Travel_Frequently,Yes
EMP_COMP_GOOD_01214_00098,George Taylor,Female,34,Research and Development,IT Administrator,4,2,1,4,3,9775,19,2,3,3,5,21,Non-Travel,No
EMP_COMP_GOOD_01214_00099,John Anderson,Male,39,IT,Legal Counsel,4,2,3,1,1,10363,25,0,13,10,20,7,Non-Travel,No
EMP_COMP_GOOD_01214_00100,Thomas Moore,Male,42,Marketing,Data Scientist,1,2,3,1,1,7085,22,1,0,0,10,4,Travel_Rarely,No
EMP_COMP_GOOD_01214_00101,Robert Martinez,Male,57,IT,Product Manager,1,4,1,2,1,6319,13,3,4,4,4,3,Non-Travel,Yes
EMP_COMP_GOOD_01214_00102,Daniel Johnson,Male,44,Support,Research Scientist,2,3,2,2,4,15415,23,1,12,9,12,9,Travel_Frequently,No
EMP_COMP_GOOD_01214_00103,Ashley Harris,Female,55,Operations,Marketing Manager,4,1,4,3,4,6532,12,2,10,9,20,29,Travel_Frequently,Yes
EMP_COMP_GOOD_01214_00104,John Thompson,Female,39,Engineering,Accountant,5,4,1,4,2,8609,19,2,0,0,1,21,Non-Travel,No
EMP_COMP_GOOD_01214_00105,Lisa Wilson,Male,27,Support,Research Scientist,5,4,1,4,2,9846,15,0,4,4,5,23,Travel_Rarely,Yes
EMP_COMP_GOOD_01214_00106,Sandra Garcia,Male,54,Support,Sales Representative,1,4,2,4,4,7561,15,0,14,10,24,8,Travel_Frequently,Yes
EMP_COMP_GOOD_01214_00107,Emily Brown,Male,26,Finance,Accountant,5,3,4,2,1,8357,18,1,13,1,18,6,Travel_Rarely,No
EMP_COMP_GOOD_01214_00108,Mark Ramirez,Male,47,Sales,Product Manager,5,1,4,1,4,9437,25,0,9,7,14,5,Travel_Frequently,Yes
EMP_COMP_GOOD_01214_00109,Joshua Rodriguez,Female,29,Engineering,Financial Analyst,2,1,1,3,1,4773,17,1,4,3,6,19,Travel_Frequently,Yes
EMP_COMP_GOOD_01214_00110,Emily Smith,Female,42,Human Resources,Research Scientist,1,3,1,4,1,9070,23,2,11,8,19,5,Travel_Frequently,No
EMP_COMP_GOOD_01214_00111,Matthew Jackson,Male,31,Sales,Product Manager,1,3,1,2,4,9601,24,3,2,2,12,8,Travel_Frequently,No
EMP_COMP_GOOD_01214_00112,Melissa Miller,Male,46,Engineering,Financial Analyst,3,2,4,1,3,8458,17,1,14,1,23,8,Travel_Frequently,Yes
EMP_COMP_GOOD_01214_00113,Margaret Taylor,Female,32,IT,Accountant,5,3,3,4,4,5302,12,3,15,0,18,9,Travel_Frequently,No
EMP_COMP_GOOD_01214_00114,James Miller,Female,43,Operations,IT Administrator,5,4,4,1,4,15822,19,2,9,3,13,27,Travel_Frequently,No
EMP_COMP_GOOD_01214_00115,Joseph Anderson,Male,48,Research and Development,Operations Manager,2,3,4,3,4,5362,14,0,2,2,2,12,Non-Travel,No
EMP_COMP_GOOD_01214_00116,Kimberly Gonzalez,Female,27,Human Resources,HR Manager,4,2,1,3,3,4099,14,3,12,6,15,12,Non-Travel,No
EMP_COMP_GOOD_01214_00117,Lisa Williams,Male,53,Research and Development,Research Scientist,2,4,1,1,3,6149,21,1,7,4,11,16,Non-Travel,Yes
EMP_COMP_GOOD_01214_00118,Emily Anderson,Male,47,Sales,IT Administrator,4,4,2,1,4,7179,18,2,7,4,15,9,Non-Travel,No
EMP_COMP_GOOD_01214_00119,Andrew Harris,Female,34,Support,Software Engineer,3,2,4,3,4,8004,18,3,11,4,19,25,Travel_Rarely,No
EMP_COMP_GOOD_01214_00120,Steven Davis,Male,26,Operations,Operations Manager,2,4,2,3,4,10033,14,2,13,5,17,26,Travel_Frequently,Yes
EMP_COMP_GOOD_01214_00121,Joseph Johnson,Female,37,Engineering,HR Manager,2,2,4,3,2,15108,21,0,14,1,20,18,Travel_Rarely,No
EMP_COMP_GOOD_01214_00122,Joseph Lopez,Female,42,Legal,Research Scientist,4,3,4,4,3,16337,23,1,4,1,12,22,Travel_Frequently,Yes
EMP_COMP_GOOD_01214_00123,David Hernandez,Female,47,Support,Operations Manager,1,3,4,1,2,7005,16,0,2,2,9,18,Travel_Rarely,No
EMP_COMP_GOOD_01214_00124,James Jackson,Male,54,Research and Development,Business Analyst,4,1,3,1,2,6295,18,3,15,6,19,9,Non-Travel,Yes
EMP_COMP_GOOD_01214_00125,Joseph Jackson,Male,54,Support,Marketing Manager,2,2,3,3,4,3852,12,2,9,5,13,29,Travel_Rarely,Yes
EMP_COMP_GOOD_01214_00126,Barbara Martinez,Male,22,Sales,Financial Analyst,2,2,4,3,3,8185,22,3,11,9,13,28,Travel_Frequently,Yes
EMP_COMP_GOOD_01214_00127,Margaret Moore,Female,33,Research and Development,Financial Analyst,2,3,1,1,4,8220,11,2,2,2,12,10,Non-Travel,No
EMP_COMP_GOOD_01214_00128,William Lewis,Male,29,IT,Sales Representative,2,4,1,4,3,7686,15,3,11,10,20,26,Travel_Rarely,Yes
EMP_COMP_GOOD_01214_00129,Margaret Hernandez,Male,49,Finance,Support Specialist,3,2,2,3,1,7850,17,1,2,1,4,4,Non-Travel,Yes
EMP_COMP_GOOD_01214_00130,Sarah Miller,Female,39,Operations,Support Specialist,1,1,4,4,1,8191,17,3,7,2,9,28,Travel_Rarely,Yes
EMP_COMP_GOOD_01214_00131,Jessica Robinson,Male,45,Engineering,IT Administrator,2,2,1,3,4,8064,17,0,15,5,24,7,Travel_Rarely,No
EMP_COMP_GOOD_01214_00132,Susan Sanchez,Male,58,Finance,HR Manager,1,2,4,1,3,10470,16,0,13,6,22,3,Travel_Rarely,Yes
EMP_COMP_GOOD_01214_00133,Jessica Rodriguez,Male,33,IT,Business Analyst,2,4,3,2,1,8897,11,3,2,2,3,14,Travel_Frequently,Yes
EMP_COMP_GOOD_01214_00134,Dorothy Garcia,Male,26,Sales,Sales Representative,4,3,4,1,4,9026,22,0,0,0,10,19,Non-Travel,No
EMP_COMP_GOOD_01214_00135,Nancy Harris,Male,25,Operations,HR Manager,2,4,2,3,4,5459,13,0,3,3,9,10,Travel_Rarely,Yes
EMP_COMP_GOOD_01214_00136,Emily Johnson,Male,27,Legal,Research Scientist,2,1,1,1,3,5971,13,0,7,7,10,21,Non-Travel,Yes
EMP_COMP_GOOD_01214_00137,Michael Hernandez,Male,35,Sales,Research Scientist,2,3,3,2,3,9717,16,1,11,4,14,23,Travel_Rarely,Yes
EMP_COMP_GOOD_01214_00138,Donald Martin,Male,46,Engineering,Operations Manager,2,2,2,4,3,12813,19,3,2,2,8,16,Travel_Rarely,Yes
EMP_COMP_GOOD_01214_00139,Nancy Taylor,Female,22,Marketing,Product Manager,5,2,3,3,1,8448,24,3,8,8,17,12,Travel_Rarely,Yes
EMP_COMP_GOOD_01214_00140,Betty Johnson,Male,34,Marketing,IT Administrator,4,1,4,1,2,8571,23,1,10,0,17,22,Travel_Rarely,Yes
EMP_COMP_GOOD_01214_00141,Betty Clark,Female,24,Research and Development,Accountant,2,2,1,1,3,5804,22,2,2,2,8,29,Non-Travel,Yes
EMP_COMP_GOOD_01214_00142,Barbara Sanchez,Male,39,Operations,Sales Representative,5,3,1,3,1,7777,18,1,9,9,19,13,Non-Travel,No
EMP_COMP_GOOD_01214_00143,Kimberly Robinson,Male,24,Support,HR Manager,1,3,2,1,2,14724,13,0,1,1,9,3,Travel_Rarely,No
EMP_COMP_GOOD_01214_00144,Michael Perez,Female,53,Support,HR Manager,3,4,2,3,4,8513,13,1,1,1,9,8,Non-Travel,Yes
EMP_COMP_GOOD_01214_00145,Dorothy Davis,Male,29,IT,Sales Representative,4,2,4,3,2,13095,11,1,15,1,19,29,Non-Travel,Yes
EMP_COMP_GOOD_01214_00146,Joshua Thomas,Female,47,Marketing,Research Scientist,1,1,1,2,4,11557,13,2,4,4,6,13,Travel_Rarely,Yes
EMP_COMP_GOOD_01214_00147,James Walker,Male,43,Human Resources,Support Specialist,2,1,2,4,1,14734,18,2,13,2,14,24,Travel_Rarely,No
EMP_COMP_GOOD_01214_00148,Sandra Walker,Female,44,Operations,HR Manager,5,3,2,2,1,3842,18,1,3,1,4,6,Travel_Frequently,Yes
EMP_COMP_GOOD_01214_00149,Joshua Thomas,Female,46,Sales,Support Specialist,2,3,4,4,2,4608,20,3,11,3,14,9,Non-Travel,No
EMP_COMP_GOOD_01214_00150,Lisa Martinez,Female,45,Marketing,Marketing Manager,1,3,3,3,3,10413,11,0,8,2,8,4,Travel_Frequently,No
EMP_COMP_GOOD_01214_00151,Carol Sanchez,Male,43,Marketing,Sales Representative,2,1,2,1,2,11243,16,0,0,0,4,12,Travel_Rarely,Yes
EMP_COMP_GOOD_01214_00152,George Clark,Female,36,Marketing,Product Manager,1,1,1,1,1,10580,12,3,2,2,5,12,Non-Travel,Yes
EMP_COMP_GOOD_01214_00153,Jessica Thompson,Female,37,Engineering,Business Analyst,2,4,4,3,2,10073,21,2,11,4,11,8,Non-Travel,Yes
EMP_COMP_GOOD_01214_00154,Richard Clark,Female,32,Legal,Legal Counsel,4,3,3,4,2,3590,24,2,6,5,10,9,Non-Travel,No
EMP_COMP_GOOD_01214_00155,George Walker,Male,31,Support,Accountant,4,1,3,2,1,10224,15,2,2,1,4,11,Travel_Rarely,Yes
EMP_COMP_GOOD_01214_00156,Barbara Lee,Male,29,Engineering,Research Scientist,1,1,3,1,1,7228,15,3,13,1,18,1,Travel_Rarely,No
EMP_COMP_GOOD_01214_00157,Patricia Jackson,Female,58,Finance,Legal Counsel,1,4,4,1,3,11485,22,0,12,10,16,16,Non-Travel,No
EMP_COMP_GOOD_01214_00158,Nancy Gonzalez,Female,28,Research and Development,Marketing Manager,4,4,1,2,2,7656,25,1,0,0,9,16,Non-Travel,No
EMP_COMP_GOOD_01214_00159,Kevin Garcia,Male,33,Marketing,Marketing Manager,1,4,1,1,3,8381,19,2,5,5,6,12,Non-Travel,Yes
EMP_COMP_GOOD_01214_00160,Elizabeth Clark,Male,22,Legal,Sales Representative,4,2,4,1,2,8325,16,0,12,5,20,1,Travel_Frequently,No
EMP_COMP_GOOD_01214_00161,Anthony Robinson,Female,53,Operations,Marketing Manager,2,4,1,1,4,5065,13,2,0,0,8,16,Travel_Frequently,Yes
EMP_COMP_GOOD_01214_00162,Donald Ramirez,Female,53,IT,Operations Manager,1,1,4,3,1,9221,25,0,9,8,15,7,Travel_Rarely,Yes
EMP_COMP_GOOD_01214_00163,Nancy Williams,Female,27,Operations,Business Analyst,4,4,4,4,4,7764,20,2,15,1,17,7,Travel_Frequently,Yes
EMP_COMP_GOOD_01214_00164,Michelle Jones,Male,28,IT,Business Analyst,1,3,1,4,3,10248,24,3,15,10,17,23,Travel_Rarely,Yes
EMP_COMP_GOOD_01214_00165,Ashley Lee,Female,28,Support,Business Analyst,3,3,2,1,3,15975,18,2,7,3,16,1,Travel_Frequently,Yes
EMP_COMP_GOOD_01214_00166,Elizabeth Lee,Female,25,Support,Financial Analyst,3,1,2,2,2,5414,23,2,1,1,3,11,Travel_Rarely,Yes
EMP_COMP_GOOD_01214_00167,Daniel Sanchez,Male,42,Human Resources,Accountant,1,3,1,4,3,5760,25,3,6,4,8,3,Travel_Rarely,No
EMP_COMP_GOOD_01214_00168,Nancy Walker,Male,56,Engineering,Business Analyst,2,3,4,2,4,6339,25,1,8,0,8,29,Travel_Rarely,No
EMP_COMP_GOOD_01214_00169,Linda Jackson,Male,35,Finance,Business Analyst,2,1,1,1,1,14703,20,3,5,5,12,1,Travel_Frequently,Yes
EMP_COMP_GOOD_01214_00170,Christopher Thompson,Male,35,Human Resources,Operations Manager,3,1,2,2,4,5446,22,0,12,5,20,25,Non-Travel,No
EMP_COMP_GOOD_01214_00171,Ashley Ramirez,Female,25,Operations,Research Scientist,2,1,3,4,4,8124,11,1,15,9,24,7,Travel_Rarely,Yes
EMP_COMP_GOOD_01214_00172,Mark Perez,Female,36,Engineering,Financial Analyst,4,1,1,4,1,11027,15,1,2,2,8,28,Travel_Frequently,Yes
EMP_COMP_GOOD_01214_00173,Betty Davis,Male,30,Research and Development,Research Scientist,4,3,2,3,3,5241,18,2,2,1,7,7,Non-Travel,Yes
EMP_COMP_GOOD_01214_00174,Sarah Taylor,Male,29,Human Resources,Software Engineer,1,2,1,4,3,10104,19,0,6,6,7,1,Travel_Frequently,Yes
EMP_COMP_GOOD_01214_00175,Brian Jones,Female,55,Legal,Business Analyst,2,1,3,3,2,9956,22,1,15,4,23,5,Travel_Rarely,No
EMP_COMP_GOOD_01214_00176,Kenneth Brown,Female,31,Support,Product Manager,2,4,4,1,4,9960,15,3,6,3,15,6,Travel_Frequently,No
EMP_COMP_GOOD_01214_00177,Thomas White,Female,26,Finance,Financial Analyst,4,1,2,3,3,9048,18,3,0,0,7,21,Non-Travel,No
EMP_COMP_GOOD_01214_00178,Joshua Lewis,Female,41,Engineering,IT Administrator,2,1,2,3,4,16381,11,3,14,6,20,25,Non-Travel,Yes
EMP_COMP_GOOD_01214_00179,Lisa Robinson,Female,49,Engineering,Data Scientist,3,4,3,4,3,12056,11,2,0,0,2,20,Travel_Rarely,No
EMP_COMP_GOOD_01214_00180,Dorothy Lewis,Female,49,Legal,Business Analyst,5,2,2,3,1,7959,17,2,6,0,6,25,Non-Travel,No
EMP_COMP_GOOD_01214_00181,Emily Lewis,Female,34,Operations,HR Manager,1,2,4,3,3,4760,24,1,15,1,15,7,Travel_Frequently,No
EMP_COMP_GOOD_01214_00182,Lisa Johnson,Male,54,Engineering,Operations Manager,2,3,3,3,1,8206,14,1,10,10,17,17,Travel_Frequently,Yes
EMP_COMP_GOOD_01214_00183,Susan Clark,Female,52,Human Resources,Accountant,5,4,1,4,2,8814,20,2,11,10,16,14,Travel_Frequently,Yes
EMP_COMP_GOOD_01214_00184,George Martin,Male,32,Sales,HR Manager,5,2,2,1,2,5999,13,2,12,2,12,18,Travel_Frequently,No
EMP_COMP_GOOD_01214_00185,James Moore,Female,49,IT,Marketing Manager,1,4,4,2,2,10178,16,3,7,4,9,20,Travel_Rarely,No
EMP_COMP_GOOD_01214_00186,Susan Jackson,Male,40,Marketing,IT Administrator,2,1,4,2,2,4678,16,0,0,0,3,3,Travel_Frequently,Yes
EMP_COMP_GOOD_01214_00187,Susan Thompson,Female,25,Finance,Marketing Manager,2,3,3,1,4,5936,19,0,11,5,19,10,Non-Travel,No
EMP_COMP_GOOD_01214_00188,Michelle Hernandez,Female,23,Operations,Support Specialist,3,2,4,4,2,7505,20,3,15,1,20,8,Non-Travel,Yes
EMP_COMP_GOOD_01214_00189,Christopher Garcia,Female,28,Support,Marketing Manager,5,2,4,1,3,15744,11,0,9,5,13,26,Travel_Rarely,No
EMP_COMP_GOOD_01214_00190,Susan Martinez,Female,24,Operations,IT Administrator,3,4,1,2,2,4731,21,0,9,1,14,16,Travel_Rarely,No
EMP_COMP_GOOD_01214_00191,Kevin Walker,Male,33,Finance,Software Engineer,2,3,2,1,1,13120,24,0,12,1,21,7,Travel_Frequently,Yes
EMP_COMP_GOOD_01214_00192,Charles Ramirez,Female,54,Finance,IT Administrator,1,2,1,4,4,5442,23,0,1,1,11,24,Travel_Rarely,No
EMP_COMP_GOOD_01214_00193,Kimberly Walker,Male,49,Human Resources,Operations Manager,3,1,1,2,2,5327,13,2,4,4,8,20,Travel_Rarely,Yes
EMP_COMP_GOOD_01214_00194,James White,Male,37,Engineering,Product Manager,1,3,4,2,4,4467,17,3,14,0,14,28,Non-Travel,No
EMP_COMP_GOOD_01214_00195,Jessica Moore,Female,57,Legal,Marketing Manager,4,2,2,4,3,7233,12,1,1,1,7,19,Non-Travel,No
EMP_COMP_GOOD_01214_00196,Jessica Martin,Male,29,IT,Product Manager,2,2,4,3,3,8083,16,1,10,2,10,9,Travel_Frequently,Yes
EMP_COMP_GOOD_01214_00197,Emily Thomas,Male,38,Research and Development,Operations Manager,2,3,4,2,2,15597,17,0,5,5,11,16,Travel_Rarely,Yes
EMP_COMP_GOOD_01214_00198,Barbara Garcia,Male,57,Marketing,IT Administrator,4,4,3,3,2,9439,11,0,7,7,16,23,Non-Travel,Yes
EMP_COMP_GOOD_01214_00199,James Walker,Female,53,Operations,Business Analyst,2,4,2,4,2,10877,22,3,8,8,8,22,Travel_Rarely,Yes
EMP_COMP_GOOD_01214_00200,David Taylor,Male,23,IT,Product Manager,1,4,4,4,1,13072,20,2,12,0,14,25,Travel_Frequently,No
EMP_COMP_GOOD_01214_00201,Dorothy Sanchez,Male,25,Support,Financial Analyst,2,3,3,1,3,11045,25,0,5,5,13,16,Travel_Rarely,Yes
EMP_COMP_GOOD_01214_00202,Anthony Rodriguez,Male,43,Support,Support Specialist,3,1,3,1,4,12005,11,0,14,6,19,13,Non-Travel,Yes
EMP_COMP_GOOD_01214_00203,Daniel Lopez,Female,30,Marketing,HR Manager,1,3,4,1,2,5214,14,3,11,3,18,14,Non-Travel,Yes
EMP_COMP_GOOD_01214_00204,Emily Hernandez,Female,52,Research and Development,Marketing Manager,1,3,4,1,1,16447,21,1,4,4,13,28,Non-Travel,Yes
EMP_COMP_GOOD_01214_00205,George Jones,Female,25,Finance,Research Scientist,3,4,3,3,3,14870,17,0,5,5,14,26,Non-Travel,Yes
EMP_COMP_GOOD_01214_00206,Elizabeth Thomas,Female,52,Legal,Accountant,2,1,4,2,1,8560,22,3,7,7,17,4,Travel_Rarely,Yes
EMP_COMP_GOOD_01214_00207,George Harris,Female,56,Engineering,Marketing Manager,2,4,4,1,2,7819,22,1,15,3,17,5,Non-Travel,No
EMP_COMP_GOOD_01214_00208,Kenneth Lee,Male,32,Human Resources,Research Scientist,3,2,3,2,3,8205,20,3,9,7,19,25,Non-Travel,Yes
EMP_COMP_GOOD_01214_00209,Charles Davis,Male,45,IT,IT Administrator,1,4,3,2,4,10711,11,3,3,3,13,9,Non-Travel,Yes
EMP_COMP_GOOD_01214_00210,Charles Martin,Female,57,Operations,Financial Analyst,2,2,4,4,1,4538,14,2,10,2,10,24,Travel_Rarely,No
EMP_COMP_GOOD_01214_00211,David Sanchez,Female,29,Legal,Sales Representative,3,1,1,3,2,6487,18,0,0,0,8,7,Travel_Rarely,Yes
EMP_COMP_GOOD_01214_00212,Daniel Miller,Male,53,Research and Development,Product Manager,3,3,1,4,1,7067,22,1,11,0,14,27,Travel_Frequently,Yes
EMP_COMP_GOOD_01214_00213,Melissa Rodriguez,Male,30,Engineering,Data Scientist,3,2,3,4,1,6948,14,3,11,7,12,18,Travel_Frequently,Yes
EMP_COMP_GOOD_01214_00214,Richard Hernandez,Female,29,Legal,Legal Counsel,5,2,2,4,3,4626,13,0,7,1,15,27,Travel_Frequently,No
EMP_COMP_GOOD_01214_00215,John Smith,Female,53,Engineering,Support Specialist,4,4,3,2,2,6796,16,1,10,8,20,19,Non-Travel,No
EMP_COMP_GOOD_01214_00216,Barbara Martin,Female,48,Legal,Legal Counsel,3,2,3,3,3,8966,25,0,0,0,0,1,Travel_Frequently,No
EMP_COMP_GOOD_01214_00217,Amanda Brown,Female,47,Operations,Sales Representative,2,4,3,2,1,11671,19,0,8,0,18,21,Non-Travel,No
EMP_COMP_GOOD_01214_00218,Andrew Williams,Male,31,Support,Marketing Manager,2,3,3,4,2,9522,23,2,4,0,5,5,Non-Travel,No
EMP_COMP_GOOD_01214_00219,George Lee,Female,37,Marketing,Product Manager,4,4,3,4,2,14777,16,3,12,6,18,9,Travel_Rarely,Yes
EMP_COMP_GOOD_01214_00220,Donna Martinez,Male,41,Finance,Support Specialist,4,2,1,3,2,4949,12,2,13,2,17,25,Travel_Rarely,No
EMP_COMP_GOOD_01214_00221,Kevin Jackson,Female,29,Finance,Product Manager,1,2,4,4,1,4714,25,1,15,6,23,14,Travel_Rarely,No
EMP_COMP_GOOD_01214_00222,Kenneth Walker,Male,48,Legal,Operations Manager,4,1,2,2,2,6223,15,1,15,4,24,17,Travel_Frequently,No
EMP_COMP_GOOD_01214_00223,James Martin,Female,38,Support,Research Scientist,2,4,1,2,1,5309,21,3,13,1,15,16,Non-Travel,Yes
EMP_COMP_GOOD_01214_00224,Margaret Lewis,Male,58,Legal,Legal Counsel,3,4,4,1,3,7030,22,0,3,0,7,5,Travel_Rarely,Yes
EMP_COMP_GOOD_01214_00225,Jessica Moore,Male,56,Operations,Research Scientist,3,1,1,1,3,9566,18,1,0,0,2,19,Non-Travel,Yes
EMP_COMP_GOOD_01214_00226,Joseph Rodriguez,Male,49,IT,IT Administrator,3,4,4,2,3,9446,20,1,9,4,10,12,Travel_Frequently,No
EMP_COMP_GOOD_01214_00227,Steven Thompson,Male,36,Finance,Sales Representative,1,1,3,1,3,12521,24,0,7,5,7,16,Non-Travel,Yes
EMP_COMP_GOOD_01214_00228,William Ramirez,Male,30,Operations,Research Scientist,5,1,3,2,3,8822,20,1,11,5,20,26,Non-Travel,Yes
EMP_COMP_GOOD_01214_00229,Michael Brown,Female,37,Operations,Support Specialist,3,3,1,4,3,6875,20,3,10,5,12,10,Travel_Frequently,No
EMP_COMP_GOOD_01214_00230,Lisa White,Female,37,Legal,Financial Analyst,3,3,2,3,1,8577,12,0,15,1,18,17,Travel_Frequently,No
EMP_COMP_GOOD_01214_00231,Charles Johnson,Female,51,IT,Data Scientist,1,2,2,4,2,11062,25,2,13,0,22,13,Non-Travel,Yes
EMP_COMP_GOOD_01214_00232,Anthony Martinez,Male,48,Human Resources,Financial Analyst,1,1,2,4,1,12415,13,2,9,3,9,21,Travel_Frequently,Yes
EMP_COMP_GOOD_01214_00233,Mary Anderson,Male,35,Finance,Business Analyst,5,3,1,1,4,13337,19,1,11,5,21,4,Travel_Rarely,Yes
EMP_COMP_GOOD_01214_00234,Thomas Taylor,Male,46,Research and Development,Marketing Manager,3,2,2,4,2,5877,24,3,10,6,14,17,Travel_Frequently,No
EMP_COMP_GOOD_01214_00235,Barbara Williams,Female,58,Finance,Software Engineer,4,3,1,3,3,8353,22,0,10,2,11,1,Travel_Rarely,No
EMP_COMP_GOOD_01214_00236,Paul Miller,Female,40,Support,Legal Counsel,4,4,3,2,4,9033,12,1,1,0,1,12,Travel_Rarely,Yes
EMP_COMP_GOOD_01214_00237,Karen Robinson,Female,40,Human Resources,Sales Representative,2,3,3,2,1,10139,18,2,7,7,16,1,Travel_Frequently,Yes
EMP_COMP_GOOD_01214_00238,Christopher White,Male,36,IT,Business Analyst,3,2,4,3,1,9719,25,1,3,0,12,8,Travel_Frequently,Yes
EMP_COMP_GOOD_01214_00239,Margaret Sanchez,Male,44,Engineering,Financial Analyst,5,2,4,2,4,12878,20,2,1,1,11,21,Non-Travel,Yes
EMP_COMP_GOOD_01214_00240,Mark Brown,Female,22,Legal,Marketing Manager,1,1,3,2,2,9902,22,1,2,2,10,20,Travel_Rarely,No
EMP_COMP_GOOD_01214_00241,George Rodriguez,Female,27,Engineering,Data Scientist,1,3,4,2,2,9657,19,1,6,6,16,1,Non-Travel,Yes
EMP_COMP_GOOD_01214_00242,Nancy Robinson,Female,49,Engineering,Product Manager,1,2,4,2,2,11893,23,1,13,8,13,13,Travel_Rarely,No
EMP_COMP_GOOD_01214_00243,Thomas Walker,Female,26,Legal,HR Manager,4,3,3,1,3,7236,16,3,3,3,9,17,Non-Travel,No
EMP_COMP_GOOD_01214_00244,Jennifer Martin,Male,58,Marketing,Sales Representative,1,1,1,2,4,10969,23,3,10,6,13,17,Travel_Rarely,No
EMP_COMP_GOOD_01214_00245,Robert Moore,Female,31,Operations,Accountant,3,3,2,1,2,5400,25,2,9,9,14,17,Travel_Rarely,Yes
EMP_COMP_GOOD_01214_00246,Elizabeth Miller,Male,32,IT,HR Manager,4,3,3,4,3,6025,24,1,0,0,2,10,Non-Travel,Yes
EMP_COMP_GOOD_01214_00247,Thomas Martinez,Male,47,Research and Development,Product Manager,5,4,4,1,1,7702,12,2,3,3,6,12,Travel_Rarely,Yes
EMP_COMP_GOOD_01214_00248,William Smith,Female,27,Human Resources,Software Engineer,1,1,4,3,1,6485,20,1,4,4,13,11,Travel_Rarely,Yes
EMP_COMP_GOOD_01214_00249,Brian Thompson,Male,41,Operations,Sales Representative,3,1,1,3,4,11285,15,0,3,3,4,9,Travel_Rarely,No
EMP_COMP_GOOD_01214_00250,Donald Lee,Male,43,Operations,IT Administrator,3,1,1,2,3,4562,19,0,1,1,9,6,Non-Travel,No
EMP_COMP_GOOD_01214_00251,Nancy Clark,Female,29,Research and Development,Sales Representative,4,4,3,2,1,4789,24,3,14,8,19,24,Non-Travel,No
EMP_COMP_GOOD_01214_00252,Susan Williams,Male,51,Sales,Marketing Manager,1,3,2,3,4,16296,22,3,7,3,8,14,Travel_Rarely,Yes
EMP_COMP_GOOD_01214_00253,Karen Sanchez,Male,31,Engineering,Software Engineer,5,3,1,4,1,5564,17,1,0,0,6,21,Travel_Frequently,Yes
EMP_COMP_GOOD_01214_00254,James Perez,Female,50,Legal,Support Specialist,1,2,3,3,4,5081,15,2,13,0,14,10,Travel_Rarely,Yes
EMP_COMP_GOOD_01214_00255,Dorothy Johnson,Female,41,Marketing,Legal Counsel,4,1,4,1,2,10503,21,0,14,3,18,23,Travel_Frequently,Yes
EMP_COMP_GOOD_01214_00256,Richard Clark,Female,57,Engineering,Software Engineer,2,1,2,1,2,9541,22,0,12,4,16,21,Non-Travel,No
EMP_COMP_GOOD_01214_00257,Daniel Clark,Male,32,Marketing,IT Administrator,2,2,2,3,1,12720,23,1,0,0,0,11,Non-Travel,Yes
EMP_COMP_GOOD_01214_00258,Andrew Hernandez,Female,39,Sales,Business Analyst,1,2,4,3,1,5023,17,0,9,9,10,26,Non-Travel,No
EMP_COMP_GOOD_01214_00259,Paul Wilson,Female,49,IT,Marketing Manager,5,3,3,3,4,13036,24,2,8,2,9,7,Travel_Rarely,Yes
EMP_COMP_GOOD_01214_00260,Mark Davis,Female,35,Support,Product Manager,2,2,3,2,4,6263,11,2,12,2,17,2,Travel_Rarely,Yes
EMP_COMP_GOOD_01214_00261,George Martinez,Male,48,Research and Development,Data Scientist,5,2,3,3,4,4159,14,0,12,6,19,4,Travel_Frequently,No
EMP_COMP_GOOD_01214_00262,Paul Ramirez,Female,25,IT,Research Scientist,1,4,1,3,1,9647,16,0,11,8,14,13,Non-Travel,No
EMP_COMP_GOOD_01214_00263,Mary Gonzalez,Male,22,Sales,Data Scientist,4,2,2,3,4,4266,14,1,13,0,17,18,Non-Travel,Yes
EMP_COMP_GOOD_01214_00264,Joshua Lee,Female,57,Research and Development,HR Manager,2,2,2,2,4,11571,14,1,7,7,11,4,Non-Travel,No
EMP_COMP_GOOD_01214_00265,Lisa Thompson,Male,46,Sales,IT Administrator,2,2,2,3,3,9625,13,2,14,7,24,25,Travel_Rarely,Yes
EMP_COMP_GOOD_01214_00266,Paul Wilson,Female,25,Finance,Accountant,2,1,3,2,4,12978,18,3,11,1,19,8,Travel_Rarely,Yes
EMP_COMP_GOOD_01214_00267,Joshua Garcia,Female,54,Marketing,Product Manager,2,3,2,3,2,15167,15,1,15,9,16,28,Travel_Rarely,Yes
EMP_COMP_GOOD_01214_00268,Elizabeth Lopez,Male,34,Engineering,Sales Representative,5,3,2,4,4,12454,25,1,11,8,20,5,Travel_Frequently,Yes
EMP_COMP_GOOD_01214_00269,David Smith,Male,36,Finance,Research Scientist,2,1,3,1,1,8960,22,1,8,4,10,27,Travel_Rarely,Yes
EMP_COMP_GOOD_01214_00270,Michael Davis,Female,49,IT,IT Administrator,1,1,4,3,4,4813,19,0,8,3,17,5,Travel_Frequently,Yes
EMP_COMP_GOOD_01214_00271,Michelle Taylor,Female,23,Marketing,Support Specialist,5,2,1,3,4,15790,12,3,7,0,10,15,Travel_Rarely,Yes
EMP_COMP_GOOD_01214_00272,Robert Sanchez,Male,40,Marketing,IT Administrator,2,1,3,4,2,16398,16,2,12,7,18,16,Travel_Frequently,No
EMP_COMP_GOOD_01214_00273,Andrew Clark,Male,44,Legal,Software Engineer,1,3,2,1,1,6757,22,1,2,2,7,16,Travel_Rarely,No
EMP_COMP_GOOD_01214_00274,Patricia Lopez,Female,22,Support,Support Specialist,3,1,1,2,3,15316,12,2,4,4,7,10,Travel_Frequently,Yes
EMP_COMP_GOOD_01214_00275,Mary Thompson,Female,33,Legal,Business Analyst,5,3,3,4,1,7158,11,3,14,10,18,9,Travel_Frequently,Yes
EMP_COMP_GOOD_01214_00276,George Gonzalez,Male,45,Sales,Research Scientist,1,4,2,1,4,13151,15,0,14,8,15,6,Travel_Frequently,Yes
EMP_COMP_GOOD_01214_00277,Michael Thompson,Male,28,Engineering,Data Scientist,3,2,4,3,1,6140,13,2,1,1,8,22,Travel_Frequently,Yes
EMP_COMP_GOOD_01214_00278,John Gonzalez,Male,47,Finance,Support Specialist,4,1,2,3,4,15006,23,2,14,0,19,26,Travel_Frequently,No
EMP_COMP_GOOD_01214_00279,Donna Hernandez,Male,51,Marketing,IT Administrator,1,2,2,3,1,8265,11,1,13,2,13,17,Travel_Rarely,No
EMP_COMP_GOOD_01214_00280,Anthony Wilson,Male,48,Operations,Financial Analyst,4,3,3,2,1,7623,12,2,2,2,10,29,Travel_Frequently,Yes
EMP_COMP_GOOD_01214_00281,Matthew White,Female,41,Engineering,Operations Manager,4,3,4,2,1,8931,23,2,2,2,9,16,Travel_Rarely,Yes
EMP_COMP_GOOD_01214_00282,Charles Rodriguez,Male,32,Human Resources,Financial Analyst,1,1,4,4,2,11433,16,2,9,8,15,7,Travel_Frequently,Yes
EMP_COMP_GOOD_01214_00283,Jennifer Gonzalez,Male,49,Finance,Accountant,4,1,1,1,2,11433,21,3,5,5,14,15,Travel_Frequently,Yes
EMP_COMP_GOOD_01214_00284,Christopher Davis,Male,37,Engineering,HR Manager,3,2,3,1,3,6869,22,3,8,5,11,5,Travel_Rarely,No
EMP_COMP_GOOD_01214_00285,Linda Sanchez,Male,26,Legal,Support Specialist,4,3,2,3,4,5246,15,2,12,10,13,11,Travel_Rarely,No
EMP_COMP_GOOD_01214_00286,Anthony Davis,Male,38,IT,Business Analyst,3,2,2,4,3,5802,24,2,11,3,21,9,Travel_Frequently,No
EMP_COMP_GOOD_01214_00287,Kimberly Anderson,Female,24,Engineering,Data Scientist,2,4,3,1,3,4722,13,0,4,4,10,4,Travel_Frequently,No
EMP_COMP_GOOD_01214_00288,Melissa Ramirez,Male,25,Sales,Product Manager,2,2,3,1,1,4806,21,1,8,3,10,12,Travel_Rarely,Yes
EMP_COMP_GOOD_01214_00289,Anthony Wilson,Female,33,Finance,Operations Manager,5,3,1,1,4,5067,17,2,4,4,13,6,Travel_Frequently,Yes
EMP_COMP_GOOD_01214_00290,Melissa Robinson,Female,41,Support,Research Scientist,4,2,2,2,2,8351,14,3,12,10,17,18,Travel_Frequently,Yes
EMP_COMP_GOOD_01214_00291,Margaret Harris,Male,55,Sales,Research Scientist,1,3,2,2,2,9484,16,0,0,0,1,21,Non-Travel,No
EMP_COMP_GOOD_01214_00292,Kenneth Johnson,Male,26,Human Resources,Research Scientist,1,3,3,4,2,5128,17,3,8,4,15,10,Travel_Rarely,Yes
EMP_COMP_GOOD_01214_00293,William Hernandez,Male,50,Legal,Product Manager,5,4,2,4,4,6832,12,2,12,6,21,4,Travel_Frequently,No
EMP_COMP_GOOD_01214_00294,Ashley Lee,Male,36,Engineering,Financial Analyst,1,4,4,3,2,9650,14,0,11,5,13,4,Non-Travel,Yes
EMP_COMP_GOOD_01214_00295,Linda Rodriguez,Female,36,Finance,Product Manager,2,1,4,2,2,13364,22,0,12,3,22,5,Non-Travel,Yes
EMP_COMP_GOOD_01214_00296,George Smith,Male,30,IT,Research Scientist,4,4,4,2,3,7150,15,2,8,7,8,3,Travel_Frequently,No
EMP_COMP_GOOD_01214_00297,Donald Rodriguez,Female,31,Research and Development,Operations Manager,4,1,1,2,4,10800,20,3,11,0,14,28,Travel_Frequently,Yes
EMP_COMP_GOOD_01214_00298,Margaret Perez,Female,42,Finance,Software Engineer,2,1,1,3,2,3675,18,0,11,1,20,4,Travel_Frequently,Yes
EMP_COMP_GOOD_01214_00299,Patricia Sanchez,Female,32,IT,Support Specialist,3,2,1,2,2,6523,13,0,1,1,11,5,Travel_Rarely,Yes
EMP_COMP_GOOD_01214_00300,Michelle Miller,Female,33,IT,Business Analyst,4,2,2,2,3,9625,19,3,7,1,15,19,Travel_Rarely,No
EMP_COMP_GOOD_01214_00301,Lisa Johnson,Male,30,IT,Legal Counsel,4,1,3,1,1,10008,23,2,15,7,22,4,Travel_Rarely,No
EMP_COMP_GOOD_01214_00302,James Ramirez,Male,45,Marketing,Research Scientist,1,1,3,1,1,3514,12,2,14,2,17,18,Travel_Frequently,No
EMP_COMP_GOOD_01214_00303,Dorothy Martin,Female,38,Legal,Financial Analyst,1,4,1,4,1,4084,24,0,5,1,9,20,Travel_Rarely,Yes
EMP_COMP_GOOD_01214_00304,Linda Garcia,Female,39,Finance,Sales Representative,4,1,4,2,3,4605,18,3,14,3,22,22,Travel_Rarely,Yes
EMP_COMP_GOOD_01214_00305,Susan Davis,Male,47,Marketing,Operations Manager,3,3,2,1,1,8585,17,2,15,6,16,24,Travel_Rarely,Yes
EMP_COMP_GOOD_01214_00306,Donna Taylor,Female,48,Sales,Accountant,2,2,1,3,3,5274,13,2,10,1,16,15,Non-Travel,Yes
EMP_COMP_GOOD_01214_00307,Carol Brown,Female,57,Engineering,Software Engineer,3,3,1,4,4,15089,14,3,15,3,20,19,Travel_Frequently,No
EMP_COMP_GOOD_01214_00308,Kimberly Lopez,Male,29,Finance,HR Manager,1,2,3,1,2,8428,14,0,15,8,25,7,Travel_Frequently,No
EMP_COMP_GOOD_01214_00309,Joshua Williams,Male,52,Legal,Support Specialist,3,4,1,2,1,6892,24,2,15,8,21,4,Travel_Rarely,No
EMP_COMP_GOOD_01214_00310,Anthony Clark,Female,42,Marketing,HR Manager,1,2,1,1,4,12024,13,3,15,0,21,14,Travel_Frequently,Yes
EMP_COMP_GOOD_01214_00311,Kevin Taylor,Male,31,Engineering,Support Specialist,2,4,1,3,1,10032,25,3,14,5,22,27,Travel_Frequently,Yes
EMP_COMP_GOOD_01214_00312,Richard Anderson,Male,33,Support,Data Scientist,1,4,4,1,3,3770,16,2,13,2,18,1,Non-Travel,Yes
EMP_COMP_GOOD_01214_00313,Margaret Williams,Female,38,Legal,Business Analyst,1,4,3,2,4,7537,17,1,14,5,21,24,Travel_Rarely,Yes
EMP_COMP_GOOD_01214_00314,Richard Lewis,Male,28,Support,Research Scientist,5,2,1,2,2,15477,21,2,2,2,4,29,Travel_Frequently,No
EMP_COMP_GOOD_01214_00315,Joseph Lee,Female,25,Operations,Support Specialist,5,3,3,4,1,8620,16,0,10,5,18,14,Non-Travel,No
EMP_COMP_GOOD_01214_00316,Betty Anderson,Male,26,Support,IT Administrator,3,1,3,3,4,6733,22,2,11,5,11,7,Travel_Frequently,No
EMP_COMP_GOOD_01214_00317,Betty Robinson,Female,30,Marketing,Financial Analyst,1,2,1,4,4,9944,25,2,13,7,16,18,Travel_Frequently,No
EMP_COMP_GOOD_01214_00318,Nancy Walker,Female,29,Support,Marketing Manager,2,1,3,3,4,10455,25,1,11,0,11,29,Non-Travel,No
EMP_COMP_GOOD_01214_00319,Linda Sanchez,Male,25,IT,Financial Analyst,3,3,1,2,3,16188,13,3,5,0,15,8,Travel_Rarely,Yes
EMP_COMP_GOOD_01214_00320,Karen White,Female,46,IT,Sales Representative,2,2,1,2,2,15666,16,0,9,7,16,3,Travel_Frequently,Yes
EMP_COMP_GOOD_01214_00321,Mark Rodriguez,Male,37,Marketing,Product Manager,5,2,1,1,3,9451,22,2,2,0,3,29,Travel_Frequently,No
EMP_COMP_GOOD_01214_00322,Steven Jackson,Female,50,Sales,Business Analyst,2,3,2,4,4,5165,12,0,7,7,17,11,Non-Travel,Yes
EMP_COMP_GOOD_01214_00323,Kenneth Taylor,Female,22,Finance,HR Manager,1,2,4,1,3,11748,13,0,4,4,11,13,Travel_Rarely,Yes
EMP_COMP_GOOD_01214_00324,Mary Rodriguez,Female,57,Research and Development,Support Specialist,4,2,1,2,3,7233,25,0,11,2,13,25,Non-Travel,No
EMP_COMP_GOOD_01214_00325,Karen White,Male,37,Legal,Business Analyst,5,1,2,3,1,8312,20,0,8,0,9,22,Travel_Frequently,No
EMP_COMP_GOOD_01214_00326,Christopher Thomas,Male,30,IT,Support Specialist,2,4,3,4,1,4230,24,3,11,10,15,3,Travel_Frequently,Yes
EMP_COMP_GOOD_01214_00327,Michael Sanchez,Female,35,IT,Software Engineer,3,1,2,2,2,7277,12,0,0,0,2,22,Travel_Rarely,No
EMP_COMP_GOOD_01214_00328,Richard Lee,Female,52,Operations,Accountant,5,1,1,2,4,15235,21,2,0,0,6,22,Travel_Rarely,No
EMP_COMP_GOOD_01214_00329,Kimberly Smith,Female,58,Sales,Financial Analyst,2,2,4,2,2,16265,23,1,3,3,12,3,Travel_Rarely,Yes
EMP_COMP_GOOD_01214_00330,Michelle Taylor,Female,34,Operations,Accountant,3,1,4,3,4,12642,11,0,14,2,15,6,Travel_Rarely,Yes
EMP_COMP_GOOD_01214_00331,Mark Ramirez,Female,49,Marketing,Marketing Manager,3,3,1,3,3,5787,20,3,1,1,3,19,Non-Travel,No
EMP_COMP_GOOD_01214_00332,Patricia Smith,Female,51,Legal,IT Administrator,3,4,2,3,2,11259,24,0,9,4,19,14,Travel_Frequently,Yes
EMP_COMP_GOOD_01214_00333,Steven Moore,Female,49,Marketing,Financial Analyst,4,3,1,1,4,13180,19,2,10,8,10,11,Non-Travel,Yes
EMP_COMP_GOOD_01214_00334,Kimberly Rodriguez,Female,33,Operations,Sales Representative,4,4,1,3,3,12580,20,0,1,1,7,14,Travel_Frequently,Yes
EMP_COMP_GOOD_01214_00335,Emily Sanchez,Male,30,Research and Development,Financial Analyst,2,1,3,3,3,6088,19,3,8,1,9,8,Non-Travel,No
EMP_COMP_GOOD_01214_00336,Susan Thompson,Female,30,Human Resources,Legal Counsel,5,1,3,4,4,7137,11,1,15,2,22,18,Travel_Rarely,No
EMP_COMP_GOOD_01214_00337,James Robinson,Male,46,Operations,Software Engineer,5,1,3,3,1,8724,14,2,1,1,11,11,Non-Travel,Yes
EMP_COMP_GOOD_01214_00338,Thomas White,Male,39,Marketing,Research Scientist,3,4,3,4,2,8497,21,1,12,1,22,5,Travel_Frequently,No
EMP_COMP_GOOD_01214_00339,James Robinson,Male,28,Human Resources,HR Manager,5,2,3,2,1,14783,22,0,6,6,6,24,Travel_Frequently,No
EMP_COMP_GOOD_01214_00340,Kimberly Rodriguez,Female,41,Human Resources,Data Scientist,3,1,1,2,2,9535,12,3,7,3,12,11,Non-Travel,Yes
EMP_COMP_GOOD_01214_00341,William Smith,Female,45,Engineering,Financial Analyst,3,4,2,1,1,7263,12,1,6,6,12,28,Travel_Rarely,Yes
EMP_COMP_GOOD_01214_00342,Susan Lee,Male,28,Legal,Operations Manager,2,3,1,4,4,5119,11,2,14,6,21,26,Travel_Frequently,Yes
EMP_COMP_GOOD_01214_00343,Carol Davis,Male,34,Engineering,Business Analyst,5,1,4,1,1,14969,18,1,1,1,3,16,Travel_Rarely,No
EMP_COMP_GOOD_01214_00344,Susan Jones,Male,29,Marketing,Software Engineer,1,2,1,1,2,4690,23,0,14,7,21,2,Travel_Rarely,Yes
EMP_COMP_GOOD_01214_00345,David Thompson,Female,28,Research and Development,Data Scientist,3,3,1,3,1,9238,18,2,4,4,6,1,Travel_Rarely,No
EMP_COMP_GOOD_01214_00346,Susan Miller,Female,35,Research and Development,Research Scientist,2,4,3,3,1,13373,16,2,1,1,4,18,Non-Travel,No
EMP_COMP_GOOD_01214_00347,Donald Perez,Male,37,Marketing,Marketing Manager,1,4,3,3,2,11328,19,3,1,1,5,18,Non-Travel,No
EMP_COMP_GOOD_01214_00348,Donna Walker,Male,42,Legal,Sales Representative,4,4,1,2,2,8649,24,1,8,5,10,4,Non-Travel,No
EMP_COMP_GOOD_01214_00349,Margaret Williams,Male,25,Legal,Software Engineer,5,3,2,4,4,12967,17,3,2,2,3,9,Travel_Frequently,No
EMP_COMP_GOOD_01214_00350,Karen Rodriguez,Male,25,Operations,Business Analyst,5,1,4,4,1,9859,22,3,13,9,20,16,Non-Travel,Yes
EMP_COMP_GOOD_01214_00351,Elizabeth Davis,Male,37,IT,Data Scientist,3,2,3,2,4,6137,19,1,13,3,21,20,Non-Travel,No
EMP_COMP_GOOD_01214_00352,Andrew Lee,Male,47,Sales,Marketing Manager,2,1,2,3,2,7373,11,2,4,1,4,16,Travel_Frequently,Yes
EMP_COMP_GOOD_01214_00353,Joshua Taylor,Male,34,IT,Accountant,1,3,3,3,3,7242,19,3,13,0,17,8,Non-Travel,Yes
EMP_COMP_GOOD_01214_00354,Emily Jackson,Female,53,Operations,Accountant,3,2,2,4,1,7861,24,1,1,1,5,13,Travel_Rarely,No
EMP_COMP_GOOD_01214_00355,Andrew Perez,Male,25,Human Resources,Sales Representative,5,4,1,2,4,7540,24,3,6,0,9,8,Travel_Frequently,No
EMP_COMP_GOOD_01214_00356,Patricia Taylor,Female,40,Human Resources,Research Scientist,4,1,2,4,2,9109,11,0,3,3,3,29,Non-Travel,No
EMP_COMP_GOOD_01214_00357,Donald Gonzalez,Male,54,Legal,Product Manager,2,4,4,2,4,6172,12,1,11,2,17,12,Travel_Frequently,Yes
EMP_COMP_GOOD_01214_00358,James Jackson,Male,44,Human Resources,Software Engineer,4,1,4,4,4,9844,19,3,5,3,7,14,Travel_Rarely,Yes
EMP_COMP_GOOD_01214_00359,Matthew Taylor,Male,34,Human Resources,HR Manager,1,4,3,4,1,11029,13,0,3,3,11,25,Non-Travel,No
EMP_COMP_GOOD_01214_00360,Sarah Anderson,Female,40,Marketing,Accountant,4,2,3,4,1,4795,19,0,6,0,11,24,Travel_Rarely,Yes
EMP_COMP_GOOD_01214_00361,Lisa Smith,Male,34,Research and Development,Sales Representative,2,4,3,2,3,10256,13,1,12,3,17,5,Travel_Rarely,Yes
EMP_COMP_GOOD_01214_00362,Richard Walker,Male,58,Finance,Operations Manager,5,2,2,2,1,5076,15,0,8,8,13,21,Travel_Frequently,No
EMP_COMP_GOOD_01214_00363,William Jones,Male,39,Research and Development,Software Engineer,1,1,1,3,2,7487,16,1,9,9,14,8,Non-Travel,No
EMP_COMP_GOOD_01214_00364,Melissa Ramirez,Male,25,Research and Development,Business Analyst,1,2,4,2,3,10481,21,2,7,6,10,2,Non-Travel,No
EMP_COMP_GOOD_01214_00365,Paul Anderson,Female,25,IT,Data Scientist,5,3,3,3,3,8874,21,0,9,0,12,19,Travel_Rarely,Yes
EMP_COMP_GOOD_01214_00366,Christopher Ramirez,Female,49,Engineering,Software Engineer,2,2,3,1,3,10008,19,2,15,0,19,29,Non-Travel,No
EMP_COMP_GOOD_01214_00367,Melissa Robinson,Male,52,Operations,Accountant,3,2,4,1,1,7710,23,1,15,10,22,3,Travel_Frequently,Yes
EMP_COMP_GOOD_01214_00368,Steven Martin,Female,37,Finance,Data Scientist,1,4,2,1,4,9699,13,0,8,8,14,23,Non-Travel,No
EMP_COMP_GOOD_01214_00369,Donna Garcia,Male,37,Marketing,Research Scientist,4,2,2,2,2,7124,16,0,3,3,7,10,Travel_Rarely,Yes
EMP_COMP_GOOD_01214_00370,Melissa Brown,Male,25,Finance,Legal Counsel,4,2,1,4,1,15481,21,0,7,2,8,7,Non-Travel,Yes
EMP_COMP_GOOD_01214_00371,James Moore,Female,44,IT,Marketing Manager,3,1,1,4,2,11318,25,2,1,1,9,15,Travel_Frequently,No
EMP_COMP_GOOD_01214_00372,James Jones,Female,23,Operations,Sales Representative,5,3,4,2,1,7635,24,1,14,0,21,13,Non-Travel,Yes
EMP_COMP_GOOD_01214_00373,Karen Ramirez,Male,39,Research and Development,Accountant,2,4,4,4,3,9482,12,2,4,4,12,12,Travel_Rarely,Yes
EMP_COMP_GOOD_01214_00374,Daniel Ramirez,Female,36,Operations,Operations Manager,3,1,2,2,4,7463,24,0,12,3,16,1,Travel_Frequently,No
EMP_COMP_GOOD_01214_00375,Amanda Jackson,Male,52,Engineering,HR Manager,5,1,2,4,3,8995,12,0,12,8,16,14,Travel_Rarely,Yes
EMP_COMP_GOOD_01214_00376,Joshua Rodriguez,Female,45,Support,Software Engineer,1,4,3,4,1,3796,12,3,5,0,7,25,Non-Travel,No
EMP_COMP_GOOD_01214_00377,Robert Johnson,Male,48,Operations,Software Engineer,4,1,2,1,3,7443,25,2,7,6,10,10,Travel_Rarely,No
EMP_COMP_GOOD_01214_00378,Betty Walker,Male,39,Legal,Research Scientist,4,2,4,3,4,15121,24,3,5,2,11,27,Non-Travel,Yes
EMP_COMP_GOOD_01214_00379,James Brown,Male,34,Finance,Accountant,5,2,1,1,3,10641,17,0,3,3,13,22,Travel_Frequently,No
EMP_COMP_GOOD_01214_00380,Brian Thompson,Male,26,IT,Sales Representative,1,4,4,1,3,7942,25,1,0,0,1,22,Travel_Rarely,Yes
EMP_COMP_GOOD_01214_00381,Emily Lopez,Male,22,Engineering,HR Manager,5,3,3,4,2,6565,13,2,14,7,15,17,Non-Travel,Yes
EMP_COMP_GOOD_01214_00382,James Wilson,Male,37,Engineering,Accountant,3,3,4,2,1,7428,13,1,1,0,2,17,Travel_Frequently,No
EMP_COMP_GOOD_01214_00383,Sandra Moore,Female,27,Support,Software Engineer,3,1,4,3,4,4011,14,3,4,0,5,28,Non-Travel,No
EMP_COMP_GOOD_01214_00384,Dorothy Smith,Female,26,Marketing,Accountant,4,4,3,4,3,6276,11,0,1,1,3,16,Travel_Rarely,Yes
EMP_COMP_GOOD_01214_00385,Lisa Gonzalez,Female,33,Sales,Accountant,5,2,2,1,1,3589,17,3,7,3,7,10,Travel_Rarely,Yes
EMP_COMP_GOOD_01214_00386,Emily Ramirez,Female,49,Human Resources,Support Specialist,1,2,3,3,2,11742,14,2,14,7,18,18,Travel_Frequently,No
EMP_COMP_GOOD_01214_00387,Jessica Harris,Female,25,Legal,Research Scientist,3,3,3,2,1,12172,24,3,8,2,17,13,Travel_Frequently,Yes
EMP_COMP_GOOD_01214_00388,Charles Hernandez,Male,54,Operations,Software Engineer,5,3,3,4,4,11067,14,1,5,5,14,2,Travel_Rarely,No
EMP_COMP_GOOD_01214_00389,Susan Lee,Female,49,Marketing,Business Analyst,4,1,1,4,2,14737,14,1,15,5,23,20,Travel_Frequently,Yes
EMP_COMP_GOOD_01214_00390,Sarah Davis,Female,40,IT,Accountant,5,2,2,3,3,16159,25,0,13,2,15,5,Non-Travel,No
EMP_COMP_GOOD_01214_00391,Jessica Walker,Female,51,Human Resources,Sales Representative,4,4,2,4,4,6898,21,0,14,8,14,2,Non-Travel,Yes
EMP_COMP_GOOD_01214_00392,Barbara Thompson,Female,30,Marketing,Financial Analyst,3,4,4,1,2,4073,19,3,1,1,3,16,Travel_Frequently,Yes
EMP_COMP_GOOD_01214_00393,Donald Garcia,Female,57,IT,IT Administrator,5,2,4,3,3,9774,18,2,15,10,15,12,Travel_Frequently,Yes
EMP_COMP_GOOD_01214_00394,Matthew Robinson,Female,31,Research and Development,Sales Representative,4,4,2,3,1,13120,21,2,15,0,21,15,Travel_Rarely,Yes
EMP_COMP_GOOD_01214_00395,Kevin Martin,Female,45,Legal,Data Scientist,4,1,4,3,1,15784,25,2,7,7,9,16,Travel_Rarely,No
EMP_COMP_GOOD_01214_00396,Linda Gonzalez,Male,40,IT,Financial Analyst,1,3,1,3,1,9729,19,0,3,1,12,10,Travel_Rarely,Yes
EMP_COMP_GOOD_01214_00397,Thomas Martin,Female,40,Sales,Financial Analyst,2,1,2,1,2,4738,21,2,13,10,23,23,Non-Travel,Yes
EMP_COMP_GOOD_01214_00398,Kenneth Sanchez,Male,25,Finance,Support Specialist,5,4,4,2,1,13082,14,3,4,4,14,11,Travel_Frequently,No
EMP_COMP_GOOD_01214_00399,James Walker,Male,22,Legal,Operations Manager,2,2,4,4,2,7798,16,1,15,3,19,18,Travel_Rarely,Yes
EMP_COMP_GOOD_01214_00400,Karen Martinez,Male,27,Research and Development,Research Scientist,1,2,1,3,4,4087,17,0,2,0,8,16,Travel_Rarely,Yes
EMP_COMP_GOOD_01214_00401,Melissa Lewis,Male,26,Engineering,Product Manager,3,3,1,3,3,5025,24,1,0,0,4,26,Travel_Rarely,Yes
EMP_COMP_GOOD_01214_00402,Ashley Hernandez,Male,44,Operations,Research Scientist,5,3,1,2,2,11786,16,1,8,8,11,19,Travel_Frequently,No
EMP_COMP_GOOD_01214_00403,Dorothy Lee,Female,45,Engineering,Marketing Manager,3,2,2,3,3,9021,16,3,13,6,23,23,Travel_Rarely,No
EMP_COMP_GOOD_01214_00404,Sandra Jackson,Male,46,Research and Development,Operations Manager,1,2,1,3,3,5607,12,3,6,1,12,21,Travel_Frequently,Yes
EMP_COMP_GOOD_01214_00405,Mary Robinson,Female,58,Operations,Sales Representative,2,3,2,2,4,9479,13,1,15,9,19,9,Travel_Frequently,Yes
EMP_COMP_GOOD_01214_00406,Linda Martinez,Male,26,Operations,Research Scientist,2,4,3,2,1,9896,19,0,15,7,25,16,Travel_Rarely,Yes
EMP_COMP_GOOD_01214_00407,Paul Clark,Female,25,Engineering,Data Scientist,5,4,2,1,1,6077,18,3,8,4,10,29,Non-Travel,No
EMP_COMP_GOOD_01214_00408,Karen Johnson,Female,51,Engineering,Business Analyst,5,2,3,1,4,5643,20,3,5,5,14,1,Travel_Frequently,Yes
EMP_COMP_GOOD_01214_00409,Elizabeth White,Male,24,Operations,Software Engineer,2,4,4,1,2,6405,23,0,9,1,13,14,Non-Travel,Yes
EMP_COMP_GOOD_01214_00410,Karen Smith,Female,28,Support,Support Specialist,3,2,1,1,2,11260,15,0,6,6,16,12,Travel_Rarely,Yes
EMP_COMP_GOOD_01214_00411,Robert Martinez,Male,52,Engineering,Business Analyst,1,1,2,4,1,8451,20,1,11,9,13,25,Travel_Rarely,Yes
EMP_COMP_GOOD_01214_00412,Susan Thompson,Female,39,Human Resources,Financial Analyst,2,3,3,4,1,6680,11,0,10,6,18,18,Travel_Rarely,No
EMP_COMP_GOOD_01214_00413,Joseph Miller,Male,34,Support,Support Specialist,4,2,4,2,1,15821,25,0,14,10,20,12,Non-Travel,No
EMP_COMP_GOOD_01214_00414,Carol Hernandez,Female,56,Human Resources,Data Scientist,5,1,4,2,4,10139,13,1,10,9,12,2,Non-Travel,Yes
EMP_COMP_GOOD_01214_00415,Michelle Hernandez,Female,29,Marketing,Accountant,2,4,4,2,3,7956,11,0,15,10,17,7,Travel_Frequently,Yes
EMP_COMP_GOOD_01214_00416,Sarah Thompson,Female,52,Finance,Financial Analyst,3,3,3,2,3,15812,16,1,1,1,4,18,Travel_Rarely,Yes
EMP_COMP_GOOD_01214_00417,Margaret Martinez,Male,26,Finance,Software Engineer,2,4,3,4,3,8811,22,2,10,6,15,2,Travel_Rarely,Yes
EMP_COMP_GOOD_01214_00418,Margaret White,Male,48,Support,Product Manager,4,2,1,3,3,7684,11,0,15,7,16,5,Travel_Rarely,No
EMP_COMP_GOOD_01214_00419,Nancy Williams,Male,22,Human Resources,Research Scientist,1,2,2,4,2,10017,18,3,8,2,10,5,Non-Travel,No
EMP_COMP_GOOD_01214_00420,Lisa Perez,Male,33,Sales,Legal Counsel,2,2,2,2,3,14600,16,3,5,5,9,16,Travel_Rarely,Yes
EMP_COMP_GOOD_01214_00421,Nancy Robinson,Female,57,Support,Financial Analyst,5,3,1,3,1,8847,22,3,7,3,9,6,Non-Travel,No
EMP_COMP_GOOD_01214_00422,Kenneth Jones,Female,55,Support,Financial Analyst,4,4,1,1,2,9286,20,2,4,4,10,25,Non-Travel,Yes
EMP_COMP_GOOD_01214_00423,Susan Anderson,Female,51,Support,Accountant,4,2,3,2,4,10539,21,2,0,0,7,17,Travel_Rarely,Yes
EMP_COMP_GOOD_01214_00424,Matthew Jones,Female,41,Legal,Support Specialist,1,3,4,2,1,6785,16,3,4,4,8,11,Non-Travel,No
EMP_COMP_GOOD_01214_00425,Emily Williams,Female,41,Sales,Operations Manager,4,4,2,4,4,7146,24,0,13,5,16,10,Travel_Rarely,Yes
EMP_COMP_GOOD_01214_00426,Michelle Thompson,Male,31,Marketing,Operations Manager,2,2,2,4,2,7280,17,1,0,0,9,4,Travel_Rarely,Yes
EMP_COMP_GOOD_01214_00427,Melissa Martinez,Female,35,Finance,Business Analyst,1,2,4,4,3,8282,14,1,2,2,10,5,Travel_Rarely,No
EMP_COMP_GOOD_01214_00428,Joseph Brown,Male,36,Human Resources,Marketing Manager,2,4,3,2,1,9882,11,3,11,0,19,17,Non-Travel,No
EMP_COMP_GOOD_01214_00429,Brian Anderson,Male,46,Support,Accountant,3,4,4,3,1,4233,12,3,6,6,6,19,Travel_Frequently,Yes
EMP_COMP_GOOD_01214_00430,Sandra White,Female,41,Finance,Operations Manager,5,2,3,2,1,4348,17,2,9,9,12,28,Travel_Rarely,Yes
EMP_COMP_GOOD_01214_00431,Nancy Brown,Female,40,Marketing,Financial Analyst,5,2,1,2,3,9195,21,1,2,0,5,10,Travel_Rarely,No
EMP_COMP_GOOD_01214_00432,Daniel White,Female,23,Research and Development,IT Administrator,1,4,3,1,3,9979,23,3,13,2,15,8,Non-Travel,No
EMP_COMP_GOOD_01214_00433,Amanda Brown,Male,52,Legal,Data Scientist,2,4,2,1,4,6004,15,1,14,0,24,14,Travel_Rarely,No
EMP_COMP_GOOD_01214_00434,Thomas Jones,Male,22,Engineering,Legal Counsel,4,1,2,2,1,6139,16,1,13,8,15,16,Travel_Frequently,No
EMP_COMP_GOOD_01214_00435,Sandra Brown,Male,30,Operations,Support Specialist,1,1,3,3,2,4126,15,1,2,2,10,9,Non-Travel,No
EMP_COMP_GOOD_01214_00436,Mark Thompson,Male,52,Marketing,Software Engineer,1,3,3,2,2,7141,22,0,8,7,12,19,Travel_Rarely,No
EMP_COMP_GOOD_01214_00437,Dorothy Rodriguez,Female,23,Operations,Research Scientist,5,3,4,2,4,9610,23,1,11,9,20,6,Travel_Rarely,Yes
EMP_COMP_GOOD_01214_00438,Richard Hernandez,Female,34,Sales,Financial Analyst,2,2,3,2,4,3853,18,1,14,6,18,21,Non-Travel,No
EMP_COMP_GOOD_01214_00439,Margaret Ramirez,Male,49,Human Resources,Software Engineer,1,2,1,1,2,4260,14,1,3,3,8,1,Travel_Rarely,Yes
EMP_COMP_GOOD_01214_00440,Melissa Martin,Female,46,IT,Accountant,1,2,4,3,1,5344,14,0,10,3,19,26,Travel_Frequently,No
EMP_COMP_GOOD_01214_00441,Linda Taylor,Male,25,Operations,Research Scientist,4,1,4,1,3,14565,21,0,7,3,14,9,Travel_Rarely,No
EMP_COMP_GOOD_01214_00442,Emily Lewis,Male,54,Research and Development,Business Analyst,5,2,3,3,1,9544,19,3,11,9,14,1,Travel_Rarely,No
EMP_COMP_GOOD_01214_00443,Michael Robinson,Male,34,Legal,Legal Counsel,1,1,3,1,4,8428,23,0,14,5,17,8,Travel_Rarely,Yes
EMP_COMP_GOOD_01214_00444,Mark Smith,Female,51,Research and Development,Legal Counsel,2,3,3,2,3,5865,21,1,2,2,11,24,Travel_Frequently,No
EMP_COMP_GOOD_01214_00445,Daniel Moore,Male,41,Research and Development,Financial Analyst,2,2,2,3,4,5782,19,0,2,2,12,17,Non-Travel,Yes
EMP_COMP_GOOD_01214_00446,Kenneth Ramirez,Female,51,Sales,Software Engineer,5,4,4,3,2,7168,15,2,1,1,8,21,Travel_Rarely,No
EMP_COMP_GOOD_01214_00447,Matthew Lewis,Female,52,IT,Business Analyst,4,3,3,2,4,8836,16,3,4,4,7,5,Travel_Frequently,Yes
EMP_COMP_GOOD_01214_00448,Andrew Harris,Male,42,Marketing,Research Scientist,2,3,2,4,1,16472,12,3,7,3,16,15,Non-Travel,Yes
